"Estacion","Fecha inicial","Fecha final","PM2.5"
"CAJICA - UMNG","2026-05-30","","6.35909091"
"CAJICA - UMNG","2026-05-29","","6.95333333"
"CAJICA - UMNG","2026-05-28","","3.84875"
"CAJICA - UMNG","2026-05-27","","4.87833333"
"CAJICA - UMNG","2026-05-26","","4.25916667"
"CAJICA - UMNG","2026-05-25","","4.31"
"CAJICA - UMNG","2026-05-24","","6.29833333"
"CAJICA - UMNG","2026-05-23","","4.12541667"
"CAJICA - UMNG","2026-05-22","","5.76208333"
"CAJICA - UMNG","2026-05-21","","8.10041667"
"CAJICA - UMNG","2026-05-20","","5.72"
"CAJICA - UMNG","2026-05-19","","5.16041667"
"CAJICA - UMNG","2026-05-18","","5.65708333"
"CAJICA - UMNG","2026-05-17","","4.94416667"
"CAJICA - UMNG","2026-05-16","","8.91375"
"CAJICA - UMNG","2026-05-15","","6.28458333"
"CAJICA - UMNG","2026-05-14","","7.28541667"
"CAJICA - UMNG","2026-05-13","","7.28333333"
"CAJICA - UMNG","2026-05-12","","4.97583333"
"CAJICA - UMNG","2026-05-11","","9.23"
"CAJICA - UMNG","2026-05-10","","17.25375"
"CAJICA - UMNG","2026-05-09","","21.0375"
"CAJICA - UMNG","2026-05-08","","10.20208333"
"CAJICA - UMNG","2026-05-07","","11.93083333"
"CAJICA - UMNG","2026-05-06","","12.54125"
"CAJICA - UMNG","2026-05-05","","9.5325"
"CAJICA - UMNG","2026-05-04","","7.0875"
"CAJICA - UMNG","2026-05-03","","9.93291667"
"CAJICA - UMNG","2026-05-02","","8.37583333"
"CAJICA - UMNG","2026-05-01","","11.3875"
"CAJICA - UMNG","2026-04-30","","7.42875"
"CAJICA - UMNG","2026-04-29","","8.02708333"
"CAJICA - UMNG","2026-04-28","","18.39666667"
"CAJICA - UMNG","2026-04-27","","14.85625"
"CAJICA - UMNG","2026-04-26","","11.04333333"
"CAJICA - UMNG","2026-04-25","","9.37625"
"CAJICA - UMNG","2026-04-24","","16.91708333"
"CAJICA - UMNG","2026-04-23","","17.50541667"
"CAJICA - UMNG","2026-04-22","","18.52458333"
"CAJICA - UMNG","2026-04-21","","13.35666667"
"CAJICA - UMNG","2026-04-20","","10.82958333"
"CAJICA - UMNG","2026-04-19","","10.61083333"
"CAJICA - UMNG","2026-04-18","","11.74125"
"CAJICA - UMNG","2026-04-17","","10.71791667"
"CAJICA - UMNG","2026-04-16","","17.50041667"
"CAJICA - UMNG","2026-04-15","","17.71833333"
"CAJICA - UMNG","2026-04-14","","15.70791667"
"CAJICA - UMNG","2026-04-13","","23.3725"
"CAJICA - UMNG","2026-04-12","","16.62375"
"CAJICA - UMNG","2026-04-11","","9.74416667"
"CAJICA - UMNG","2026-04-10","","7.95916667"
"CAJICA - UMNG","2026-04-09","","12.61375"
"CAJICA - UMNG","2026-04-08","","6.3475"
"CAJICA - UMNG","2026-04-07","","11.10291667"
"CAJICA - UMNG","2026-04-06","","14.85291667"
"CAJICA - UMNG","2026-04-05","","15.06958333"
"CAJICA - UMNG","2026-04-04","","20.64375"
"CAJICA - UMNG","2026-04-03","","16.70333333"
"CAJICA - UMNG","2026-04-02","","6.86416667"
"CAJICA - UMNG","2026-04-01","","16.65125"
"CAJICA - UMNG","2026-03-31","","13.35"
"CAJICA - UMNG","2026-03-30","","9.62583333"
"CAJICA - UMNG","2026-03-29","","22.19791667"
"CAJICA - UMNG","2026-03-28","","25.66708333"
"CAJICA - UMNG","2026-03-27","","36.27125"
"CAJICA - UMNG","2026-03-26","","43.73958333"
"CAJICA - UMNG","2026-03-25","","47.98666667"
"CAJICA - UMNG","2026-03-24","","44.13458333"
"CAJICA - UMNG","2026-03-23","","32.75"
"CAJICA - UMNG","2026-03-22","","14.8075"
"CAJICA - UMNG","2026-03-21","","11.85708333"
"CAJICA - UMNG","2026-03-20","","15.86041667"
"CAJICA - UMNG","2026-03-19","","15.23166667"
"CAJICA - UMNG","2026-03-18","","19.17791667"
"CAJICA - UMNG","2026-03-17","","26.6725"
"CAJICA - UMNG","2026-03-16","","23.82958333"
"CAJICA - UMNG","2026-03-15","","23.74916667"
"CAJICA - UMNG","2026-03-14","","22.505"
"CAJICA - UMNG","2026-03-13","","17.68333333"
"CAJICA - UMNG","2026-03-12","","21.76791667"
"CAJICA - UMNG","2026-03-11","","21.3575"
"CAJICA - UMNG","2026-03-10","","32.31125"
"CAJICA - UMNG","2026-03-09","","29.16625"
"CAJICA - UMNG","2026-03-08","","26.92666667"
"CAJICA - UMNG","2026-03-07","","28.32166667"
"CAJICA - UMNG","2026-03-06","","30.86291667"
"CAJICA - UMNG","2026-03-05","","33.58041667"
"CAJICA - UMNG","2026-03-04","","36.43083333"
"CAJICA - UMNG","2026-03-03","","41.50875"
"CAJICA - UMNG","2026-03-02","","35.67041667"
"CAJICA - UMNG","2026-03-01","","29.39333333"
"CAJICA - UMNG","2026-02-28","","31.05291667"
"CAJICA - UMNG","2026-02-27","","23.69166667"
"CAJICA - UMNG","2026-02-26","","29.13125"
"CAJICA - UMNG","2026-02-25","","21.7875"
"CAJICA - UMNG","2026-02-24","","14.11291667"
"CAJICA - UMNG","2026-02-23","","15.02791667"
"CAJICA - UMNG","2026-02-22","","16.16041667"
"CAJICA - UMNG","2026-02-21","","17.09916667"
"CAJICA - UMNG","2026-02-20","","15.49041667"
"CAJICA - UMNG","2026-02-19","","14.29125"
"CAJICA - UMNG","2026-02-18","","17.25833333"
"CAJICA - UMNG","2026-02-17","","13.34083333"
"CAJICA - UMNG","2026-02-16","","15.18833333"
"CAJICA - UMNG","2026-02-15","","23.32291667"
"CAJICA - UMNG","2026-02-14","","33.849"
"CAJICA - UMNG","2026-02-13","","24.45958333"
"CAJICA - UMNG","2026-02-12","","27.875"
"CAJICA - UMNG","2026-02-11","","32.65541667"
"CAJICA - UMNG","2026-02-10","","28.03166667"
"CAJICA - UMNG","2026-02-09","","20.68291667"
"CAJICA - UMNG","2026-02-08","","19.51"
"CAJICA - UMNG","2026-02-07","","15.20916667"
"CAJICA - UMNG","2026-02-06","","22.04583333"
"CAJICA - UMNG","2026-02-05","","16.11666667"
"CAJICA - UMNG","2026-02-04","","14.3225"
"CAJICA - UMNG","2026-02-03","","16.86666667"
"CAJICA - UMNG","2026-02-02","","8.14625"
"CAJICA - UMNG","2026-02-01","","12.44458333"
"CAJICA - UMNG","2026-01-31","","13.73"
"CAJICA - UMNG","2026-01-30","","13.37916667"
"CAJICA - UMNG","2026-01-29","","21.45375"
"CAJICA - UMNG","2026-01-28","","21.23625"
"CAJICA - UMNG","2026-01-27","","25.66291667"
"CAJICA - UMNG","2026-01-26","","19.53208333"
"CAJICA - UMNG","2026-01-25","","19.14083333"
"CAJICA - UMNG","2026-01-24","","18.56583333"
"CAJICA - UMNG","2026-01-23","","21.48666667"
"CAJICA - UMNG","2026-01-22","","20.23291667"
"CAJICA - UMNG","2026-01-21","","25.01208333"
"CAJICA - UMNG","2026-01-20","","18.97958333"
"CAJICA - UMNG","2026-01-19","","19.23958333"
"CAJICA - UMNG","2026-01-18","","7.82916667"
"CAJICA - UMNG","2026-01-17","","8.89166667"
"CAJICA - UMNG","2026-01-16","","8.45958333"
"CAJICA - UMNG","2026-01-15","","5.77791667"
"CAJICA - UMNG","2026-01-14","","8.91583333"
"CAJICA - UMNG","2026-01-13","","8.64291667"
"CAJICA - UMNG","2026-01-12","","7.58041667"
"CAJICA - UMNG","2026-01-11","","13.40458333"
"CAJICA - UMNG","2026-01-10","","18.25791667"
"CAJICA - UMNG","2026-01-09","","17.67541667"
"CAJICA - UMNG","2026-01-08","","14.75375"
"CAJICA - UMNG","2026-01-07","","17.305"
"CAJICA - UMNG","2026-01-06","","21.66347826"
"CAJICA - UMNG","2025-12-26","","18.344"
"CAJICA - UMNG","2025-12-25","","14.07823529"
"CAJICA - UMNG","2025-12-24","","19.2873913"
"CAJICA - UMNG","2025-12-23","","14.81125"
"CAJICA - UMNG","2025-12-22","","14.58416667"
"CAJICA - UMNG","2025-12-21","","15.47916667"
"CAJICA - UMNG","2025-12-20","","19.6275"
"CAJICA - UMNG","2025-12-19","","19.57541667"
"CAJICA - UMNG","2025-12-18","","18.06666667"
"CAJICA - UMNG","2025-12-17","","22.16208333"
"CAJICA - UMNG","2025-12-16","","22.24434783"
"CAJICA - UMNG","2025-12-15","","22.37291667"
"CAJICA - UMNG","2025-12-14","","17.23913043"
"CAJICA - UMNG","2025-12-13","","14.28913043"
"CAJICA - UMNG","2025-12-12","","9.3825"
"CAJICA - UMNG","2025-12-11","","9.90833333"
"CAJICA - UMNG","2025-12-10","","12.42166667"
"CAJICA - UMNG","2025-12-09","","14.25458333"
"CAJICA - UMNG","2025-12-08","","24.23956522"
"CAJICA - UMNG","2025-12-07","","14.36208333"
"CAJICA - UMNG","2025-12-06","","14.45"
"CAJICA - UMNG","2025-12-05","","12.92375"
"CAJICA - UMNG","2025-12-04","","12.11833333"
"CAJICA - UMNG","2025-12-03","","9.05041667"
"CAJICA - UMNG","2025-12-02","","17.44958333"
"CAJICA - UMNG","2025-12-01","","18.11958333"
"CAJICA - UMNG","2025-11-30","","15.15"
"CAJICA - UMNG","2025-11-29","","16.44916667"
"CAJICA - UMNG","2025-11-28","","13.02333333"
"CAJICA - UMNG","2025-11-27","","7.08291667"
"CAJICA - UMNG","2025-11-26","","6.83125"
"CAJICA - UMNG","2025-11-25","","10.58375"
"CAJICA - UMNG","2025-11-24","","11.31583333"
"CAJICA - UMNG","2025-11-23","","8.84708333"
"CAJICA - UMNG","2025-11-22","","17.95125"
"CAJICA - UMNG","2025-11-21","","20.63791667"
"CAJICA - UMNG","2025-11-20","","14.70166667"
"CAJICA - UMNG","2025-11-19","","7.80708333"
"CAJICA - UMNG","2025-11-18","","12.70416667"
"CAJICA - UMNG","2025-11-17","","10.95916667"
"CAJICA - UMNG","2025-11-16","","8.60809524"
"CAJICA - UMNG","2025-11-14","","8.99625"
"CAJICA - UMNG","2025-11-13","","8.02666667"
"CAJICA - UMNG","2025-11-12","","11.62166667"
"CAJICA - UMNG","2025-11-11","","13.26916667"
"CAJICA - UMNG","2025-11-09","","11.915"
"CAJICA - UMNG","2025-11-08","","16.63958333"
"CAJICA - UMNG","2025-11-07","","16.25291667"
"CAJICA - UMNG","2025-11-06","","11.225"
"CAJICA - UMNG","2025-11-05","","10.35333333"
"CAJICA - UMNG","2025-11-04","","12.275"
"CAJICA - UMNG","2025-11-03","","13.73125"
"CAJICA - UMNG","2025-11-02","","9.365"
"CAJICA - UMNG","2025-11-01","","13.45291667"
"CAJICA - UMNG","2025-10-31","","10.95375"
"CAJICA - UMNG","2025-10-30","","12.905"
"CAJICA - UMNG","2025-10-29","","17.82833333"
"CAJICA - UMNG","2025-10-28","","14.17583333"
"CAJICA - UMNG","2025-10-27","","10.72"
"CAJICA - UMNG","2025-10-26","","6.25916667"
"CAJICA - UMNG","2025-10-25","","12.04208333"
"CAJICA - UMNG","2025-10-24","","9.93958333"
"CAJICA - UMNG","2025-10-23","","18.0947619"
"CAJICA - UMNG","2025-10-22","","11.58166667"
"CAJICA - UMNG","2025-10-21","","13.3975"
"CAJICA - UMNG","2025-10-20","","10.6125"
"CAJICA - UMNG","2025-10-19","","15.24708333"
"CAJICA - UMNG","2025-10-18","","7.73708333"
"CAJICA - UMNG","2025-10-17","","13.41875"
"CAJICA - UMNG","2025-10-16","","13.02416667"
"CAJICA - UMNG","2025-10-15","","14.40833333"
"CAJICA - UMNG","2025-10-14","","8.52541667"
"CAJICA - UMNG","2025-10-13","","7.30291667"
"CAJICA - UMNG","2025-10-12","","14.49166667"
"CAJICA - UMNG","2025-10-11","","14.09866667"
"CAJICA - UMNG","2025-10-10","","10.51666667"
"CAJICA - UMNG","2025-10-09","","12.355"
"CAJICA - UMNG","2025-10-08","","18.024"
"CAJICA - UMNG","2025-10-07","","6.98958333"
"CAJICA - UMNG","2025-10-06","","13.55833333"
"CAJICA - UMNG","2025-10-05","","9.2275"
"CAJICA - UMNG","2025-10-04","","12.83041667"
"CAJICA - UMNG","2025-10-03","","10.33208333"
"CAJICA - UMNG","2025-10-02","","11.95166667"
"CAJICA - UMNG","2025-10-01","","5.63541667"
"CAJICA - UMNG","2025-09-30","","7.45541667"
"CAJICA - UMNG","2025-09-29","","13.52166667"
"CAJICA - UMNG","2025-09-28","","15.31125"
"CAJICA - UMNG","2025-09-27","","13.69083333"
"CAJICA - UMNG","2025-09-26","","16.45521739"
"CAJICA - UMNG","2025-09-25","","8.44666667"
"CAJICA - UMNG","2025-09-24","","9.71041667"
"CAJICA - UMNG","2025-09-23","","10.83958333"
"CAJICA - UMNG","2025-09-22","","15.30208333"
"CAJICA - UMNG","2025-09-21","","10.40583333"
"CAJICA - UMNG","2025-09-20","","7.59"
"CAJICA - UMNG","2025-09-19","","14.10083333"
"CAJICA - UMNG","2025-09-18","","8.36708333"
"CAJICA - UMNG","2025-09-17","","17.88083333"
"CAJICA - UMNG","2025-09-16","","9.735"
"CAJICA - UMNG","2025-09-15","","7.89625"
"CAJICA - UMNG","2025-09-14","","13.98958333"
"CAJICA - UMNG","2025-09-13","","13.09916667"
"CAJICA - UMNG","2025-09-12","","12.78583333"
"CAJICA - UMNG","2025-09-11","","9.60791667"
"CAJICA - UMNG","2025-09-10","","12.73458333"
"CAJICA - UMNG","2025-09-09","","11.67958333"
"CAJICA - UMNG","2025-09-08","","7.31208333"
"CAJICA - UMNG","2025-09-07","","10.29583333"
"CAJICA - UMNG","2025-09-06","","7.07375"
"CAJICA - UMNG","2025-09-05","","7.38583333"
"CAJICA - UMNG","2025-09-04","","5.765"
"CAJICA - UMNG","2025-09-03","","9.30333333"
"CAJICA - UMNG","2025-09-02","","5.79583333"
"CAJICA - UMNG","2025-09-01","","8.28166667"
"CAJICA - UMNG","2025-08-31","","5.87333333"
"CAJICA - UMNG","2025-08-30","","9.60791667"
"CAJICA - UMNG","2025-08-29","","13.79958333"
"CAJICA - UMNG","2025-08-28","","7.16416667"
"CAJICA - UMNG","2025-08-27","","4.1425"
"CAJICA - UMNG","2025-08-26","","8.30416667"
"CAJICA - UMNG","2025-08-25","","6.01625"
"CAJICA - UMNG","2025-08-24","","7.00208333"
"CAJICA - UMNG","2025-08-23","","11.86333333"
"CAJICA - UMNG","2025-08-22","","11.12791667"
"CAJICA - UMNG","2025-08-21","","7.94416667"
"CAJICA - UMNG","2025-08-20","","9.9875"
"CAJICA - UMNG","2025-08-19","","12.41541667"
"CAJICA - UMNG","2025-08-18","","7.87625"
"CAJICA - UMNG","2025-08-17","","11.48125"
"CAJICA - UMNG","2025-08-16","","9.31083333"
"CAJICA - UMNG","2025-08-15","","8.99916667"
"CAJICA - UMNG","2025-08-14","","8.38458333"
"CAJICA - UMNG","2025-08-13","","13.515"
"CAJICA - UMNG","2025-08-12","","6.415"
"CAJICA - UMNG","2025-08-11","","6.6625"
"CAJICA - UMNG","2025-08-10","","6.14041667"
"CAJICA - UMNG","2025-08-09","","7.54291667"
"CAJICA - UMNG","2025-08-08","","10.33083333"
"CAJICA - UMNG","2025-08-07","","8.68583333"
"CAJICA - UMNG","2025-08-06","","10.57541667"
"CAJICA - UMNG","2025-08-05","","8.71291667"
"CAJICA - UMNG","2025-08-04","","4.83708333"
"CAJICA - UMNG","2025-08-03","","4.41708333"
"CAJICA - UMNG","2025-08-02","","5.94291667"
"CAJICA - UMNG","2025-08-01","","7.49875"
"CAJICA - UMNG","2025-07-31","","8.50708333"
"CAJICA - UMNG","2025-07-30","","6.37541667"
"CAJICA - UMNG","2025-07-29","","6.31416667"
"CAJICA - UMNG","2025-07-28","","7.34583333"
"CAJICA - UMNG","2025-07-27","","6.03708333"
"CAJICA - UMNG","2025-07-26","","9.97958333"
"CAJICA - UMNG","2025-07-25","","7.52291667"
"CAJICA - UMNG","2025-07-24","","6.55208333"
"CAJICA - UMNG","2025-07-23","","5.24666667"
"CAJICA - UMNG","2025-07-22","","6.91458333"
"CAJICA - UMNG","2025-07-21","","5.66125"
"CAJICA - UMNG","2025-07-20","","5.50625"
"CAJICA - UMNG","2025-07-19","","6.22333333"
"CAJICA - UMNG","2025-07-18","","7.26791667"
"CAJICA - UMNG","2025-07-17","","8.035"
"CAJICA - UMNG","2025-07-16","","8.2125"
"CAJICA - UMNG","2025-07-15","","5.45916667"
"CAJICA - UMNG","2025-07-14","","5.97208333"
"CAJICA - UMNG","2025-07-13","","3.9625"
"CAJICA - UMNG","2025-07-12","","5.26208333"
"CAJICA - UMNG","2025-07-11","","4.11791667"
"CAJICA - UMNG","2025-07-10","","5.41958333"
"CAJICA - UMNG","2025-07-09","","5.425"
"CAJICA - UMNG","2025-07-08","","6.41666667"
"CAJICA - UMNG","2025-07-07","","8.48958333"
"CAJICA - UMNG","2025-07-06","","8.04541667"
"CAJICA - UMNG","2025-07-05","","4.07625"
"CAJICA - UMNG","2025-07-04","","6.16833333"
"CAJICA - UMNG","2025-07-03","","5.62708333"
"CAJICA - UMNG","2025-07-02","","4.53083333"
"CAJICA - UMNG","2025-07-01","","3.16875"
"CAJICA - UMNG","2025-06-30","","3.39583333"
"CAJICA - UMNG","2025-06-29","","8.53625"
"CAJICA - UMNG","2025-06-28","","6.22"
"CAJICA - UMNG","2025-06-27","","5.67291667"
"CAJICA - UMNG","2025-06-26","","9.80208333"
"CAJICA - UMNG","2025-06-25","","6.89333333"
"CAJICA - UMNG","2025-06-24","","6.34083333"
"CAJICA - UMNG","2025-06-23","","7.74541667"
"CAJICA - UMNG","2025-06-22","","6.25208333"
"CAJICA - UMNG","2025-06-21","","5.43333333"
"CAJICA - UMNG","2025-06-20","","4.86416667"
"CAJICA - UMNG","2025-06-19","","4.99625"
"CAJICA - UMNG","2025-06-18","","3.48916667"
"CAJICA - UMNG","2025-06-17","","6.05"
"CAJICA - UMNG","2025-06-16","","7.11708333"
"CAJICA - UMNG","2025-06-15","","9.09166667"
"CAJICA - UMNG","2025-06-14","","13.64208333"
"CAJICA - UMNG","2025-06-13","","11.62333333"
"CAJICA - UMNG","2025-06-12","","8.10125"
"CAJICA - UMNG","2025-06-11","","8.78083333"
"CAJICA - UMNG","2025-06-10","","5.88208333"
"CAJICA - UMNG","2025-06-09","","5.75166667"
"CAJICA - UMNG","2025-06-08","","4.26625"
"CAJICA - UMNG","2025-06-07","","4.45958333"
"CAJICA - UMNG","2025-06-06","","5.33666667"
"CAJICA - UMNG","2025-06-05","","6.38791667"
"CAJICA - UMNG","2025-06-04","","5.41833333"
"CAJICA - UMNG","2025-06-03","","4.36375"
"CAJICA - UMNG","2025-06-02","","4.2875"
"CAJICA - UMNG","2025-06-01","","4.715"
"CAJICA - UMNG","2025-05-31","","5.73166667"
"CAJICA - UMNG","2025-05-30","","14.40083333"
"CAJICA - UMNG","2025-05-29","","17.36333333"
"CAJICA - UMNG","2025-05-28","","6.3375"
"CAJICA - UMNG","2025-05-27","","10.25875"
"CAJICA - UMNG","2025-05-26","","5.15083333"
"CAJICA - UMNG","2025-05-25","","10.09416667"
"CAJICA - UMNG","2025-05-24","","4.29"
"CAJICA - UMNG","2025-05-23","","5.3375"
"CAJICA - UMNG","2025-05-22","","7.49"
"CAJICA - UMNG","2025-05-21","","6.65208333"
"CAJICA - UMNG","2025-05-20","","6.7175"
"CAJICA - UMNG","2025-05-19","","12.12541667"
"CAJICA - UMNG","2025-05-18","","10.92041667"
"CAJICA - UMNG","2025-05-17","","9.88083333"
"CAJICA - UMNG","2025-05-16","","11.58541667"
"CAJICA - UMNG","2025-05-15","","8.63083333"
"CAJICA - UMNG","2025-05-14","","6.33416667"
"CAJICA - UMNG","2025-05-13","","5.16708333"
"CAJICA - UMNG","2025-05-12","","6.40333333"
"CAJICA - UMNG","2025-05-11","","2.6475"
"CAJICA - UMNG","2025-05-10","","3.94416667"
"CAJICA - UMNG","2025-05-09","","10.24541667"
"CAJICA - UMNG","2025-05-08","","10.88875"
"CAJICA - UMNG","2025-05-07","","6.89583333"
"CAJICA - UMNG","2025-05-06","","10.05708333"
"CAJICA - UMNG","2025-05-05","","6.36916667"
"CAJICA - UMNG","2025-05-04","","11.97375"
"CAJICA - UMNG","2025-05-03","","5.95041667"
"CAJICA - UMNG","2025-05-02","","12.14583333"
"CAJICA - UMNG","2025-05-01","","10.74833333"
"CAJICA - UMNG","2025-04-30","","7.94625"
"CAJICA - UMNG","2025-04-29","","13.16583333"
"CAJICA - UMNG","2025-04-28","","8.22208333"
"CAJICA - UMNG","2025-04-27","","8.81166667"
"CAJICA - UMNG","2025-04-26","","9.81541667"
"CAJICA - UMNG","2025-04-25","","15.06"
"CAJICA - UMNG","2025-04-24","","16.41041667"
"CAJICA - UMNG","2025-04-23","","16.285"
"CAJICA - UMNG","2025-04-22","","19.62458333"
"CAJICA - UMNG","2025-04-21","","10.00458333"
"CAJICA - UMNG","2025-04-20","","5.8575"
"CAJICA - UMNG","2025-04-19","","9.64541667"
"CAJICA - UMNG","2025-04-18","","11.6825"
"CAJICA - UMNG","2025-04-17","","18.2475"
"CAJICA - UMNG","2025-04-16","","23.7725"
"CAJICA - UMNG","2025-04-15","","19.17666667"
"CAJICA - UMNG","2025-04-14","","15.62"
"CAJICA - UMNG","2025-04-13","","14.47833333"
"CAJICA - UMNG","2025-04-12","","14.78458333"
"CAJICA - UMNG","2025-04-11","","8.81125"
"CAJICA - UMNG","2025-04-10","","6.07291667"
"CAJICA - UMNG","2025-04-09","","11.38666667"
"CAJICA - UMNG","2025-04-08","","10.3225"
"CAJICA - UMNG","2025-04-07","","10.62833333"
"CAJICA - UMNG","2025-04-06","","7.27666667"
"CAJICA - UMNG","2025-04-05","","8.15"
"CAJICA - UMNG","2025-04-04","","7.97833333"
"CAJICA - UMNG","2025-04-03","","14.47666667"
"CAJICA - UMNG","2025-04-02","","18.26916667"
"CAJICA - UMNG","2025-04-01","","18.34125"
"CAJICA - UMNG","2025-03-31","","11.2325"
"CAJICA - UMNG","2025-03-30","","15.0725"
"CAJICA - UMNG","2025-03-29","","28.27636364"
"CAJICA - UMNG","2025-03-28","","27.60565217"
"CAJICA - UMNG","2025-02-13","","14.29142857"
"CAJICA - UMNG","2025-02-12","","18.70083333"
"CAJICA - UMNG","2025-02-11","","12.4925"
"CAJICA - UMNG","2025-02-10","","15.84166667"
"CAJICA - UMNG","2025-02-09","","20.1175"
"CAJICA - UMNG","2025-02-08","","19.18041667"
"CAJICA - UMNG","2025-02-07","","18.0525"
"CAJICA - UMNG","2025-02-06","","15.26541667"
"CAJICA - UMNG","2025-02-05","","29.6025"
"CAJICA - UMNG","2025-01-23","","20.02583333"
"CAJICA - UMNG","2025-01-22","","11.57291667"
"CAJICA - UMNG","2025-01-21","","13.52958333"
"CAJICA - UMNG","2025-01-20","","16.67625"
"CAJICA - UMNG","2025-01-19","","14.15875"
"CAJICA - UMNG","2025-01-18","","11.38625"
"CAJICA - UMNG","2025-01-17","","20.78208333"
"CAJICA - UMNG","2025-01-16","","19.49666667"
"CAJICA - UMNG","2025-01-15","","18.57208333"
"CAJICA - UMNG","2025-01-14","","21.36583333"
"CAJICA - UMNG","2025-01-13","","17.52416667"
"CAJICA - UMNG","2025-01-12","","15.24791667"
"CAJICA - UMNG","2025-01-11","","16.47083333"
"CAJICA - UMNG","2025-01-10","","20.3225"
"CAJICA - UMNG","2025-01-09","","13.64666667"
"CAJICA - UMNG","2025-01-08","","14.03291667"
"CAJICA - UMNG","2025-01-07","","14.38041667"
"CAJICA - UMNG","2025-01-06","","9.79875"
"CAJICA - UMNG","2025-01-05","","9.36166667"
"CAJICA - UMNG","2025-01-04","","10.61666667"
"CAJICA - UMNG","2025-01-03","","11.49458333"
"CAJICA - UMNG","2025-01-02","","13.32"
"CAJICA - UMNG","2025-01-01","","21.46090909"
"CAJICA - UMNG","2024-12-31","","19.26681818"
"CAJICA - UMNG","2024-12-30","","12.2832"
"CAJICA - UMNG","2024-12-29","","11.22916667"
"CAJICA - UMNG","2024-12-28","","15.30333333"
"CAJICA - UMNG","2024-12-27","","16.78583333"
"CAJICA - UMNG","2024-12-26","","15.07333333"
"CAJICA - UMNG","2024-12-25","","17.71416667"
"CAJICA - UMNG","2024-12-24","","14.71625"
"CAJICA - UMNG","2024-12-23","","10.285"
"CAJICA - UMNG","2024-12-22","","12.10833333"
"CAJICA - UMNG","2024-12-21","","18.9775"
"CAJICA - UMNG","2024-12-20","","11.4825"
"CAJICA - UMNG","2024-12-19","","15.41458333"
"CAJICA - UMNG","2024-12-18","","10.50958333"
"CAJICA - UMNG","2024-12-17","","14.64541667"
"CAJICA - UMNG","2024-12-16","","14.75583333"
"CAJICA - UMNG","2024-12-15","","24.0925"
"CAJICA - UMNG","2024-12-14","","22.90833333"
"CAJICA - UMNG","2024-12-13","","27.43458333"
"CAJICA - UMNG","2024-12-12","","27.15125"
"CAJICA - UMNG","2024-12-11","","17.59"
"CAJICA - UMNG","2024-12-10","","18.33166667"
"CAJICA - UMNG","2024-12-09","","14.24"
"CAJICA - UMNG","2024-12-08","","22.75291667"
"CAJICA - UMNG","2024-12-07","","22.28541667"
"CAJICA - UMNG","2024-12-06","","22.35416667"
"CAJICA - UMNG","2024-12-05","","20.17625"
"CAJICA - UMNG","2024-12-04","","12.34583333"
"CAJICA - UMNG","2024-12-03","","15.15166667"
"CAJICA - UMNG","2024-12-02","","14.13291667"
"CAJICA - UMNG","2024-12-01","","12.11666667"
"CAJICA - UMNG","2024-11-30","","18.59625"
"CAJICA - UMNG","2024-11-29","","11.82083333"
"CAJICA - UMNG","2024-11-28","","14.04125"
"CAJICA - UMNG","2024-11-27","","19.98875"
"CAJICA - UMNG","2024-11-26","","17.645"
"CAJICA - UMNG","2024-11-25","","12.08958333"
"CAJICA - UMNG","2024-11-24","","9.30125"
"CAJICA - UMNG","2024-11-23","","8.27041667"
"CAJICA - UMNG","2024-11-22","","9.81625"
"CAJICA - UMNG","2024-11-19","","7.5075"
"CAJICA - UMNG","2024-11-18","","13.01954545"
"CAJICA - UMNG","2024-11-17","","8.29458333"
"CAJICA - UMNG","2024-11-16","","8.53875"
"CAJICA - UMNG","2024-11-15","","11.12958333"
"CAJICA - UMNG","2024-11-14","","12.19083333"
"CAJICA - UMNG","2024-11-13","","9.54208333"
"CAJICA - UMNG","2024-11-12","","14.84791667"
"CAJICA - UMNG","2024-11-11","","11.57083333"
"CAJICA - UMNG","2024-11-10","","7.83666667"
"CAJICA - UMNG","2024-11-09","","5.77"
"CAJICA - UMNG","2024-11-08","","7.41375"
"CAJICA - UMNG","2024-11-07","","7.155"
"CAJICA - UMNG","2024-11-06","","5.28666667"
"CAJICA - UMNG","2024-11-05","","6.6675"
"CAJICA - UMNG","2024-11-04","","5.17666667"
"CAJICA - UMNG","2024-11-03","","13.26875"
"CAJICA - UMNG","2024-11-02","","11.20208333"
"CAJICA - UMNG","2024-11-01","","13.08"
"CAJICA - UMNG","2024-10-31","","11.22958333"
"CAJICA - UMNG","2024-10-30","","5.90958333"
"CAJICA - UMNG","2024-10-29","","12.68958333"
"CAJICA - UMNG","2024-10-28","","9.29833333"
"CAJICA - UMNG","2024-10-27","","8.12458333"
"CAJICA - UMNG","2024-10-26","","7.75458333"
"CAJICA - UMNG","2024-10-25","","9.42333333"
"CAJICA - UMNG","2024-10-24","","6.67083333"
"CAJICA - UMNG","2024-10-23","","5.95958333"
"CAJICA - UMNG","2024-10-22","","15.27416667"
"CAJICA - UMNG","2024-10-21","","16.90416667"
"CAJICA - UMNG","2024-10-20","","11.88958333"
"CAJICA - UMNG","2024-10-19","","15.6725"
"CAJICA - UMNG","2024-10-18","","10.57727273"
"CAJICA - UMNG","2024-10-17","","8.38208333"
"CAJICA - UMNG","2024-10-16","","9.83833333"
"CAJICA - UMNG","2024-10-15","","6.13666667"
"CAJICA - UMNG","2024-10-14","","9.68333333"
"CAJICA - UMNG","2024-10-13","","4.96166667"
"CAJICA - UMNG","2024-10-12","","9.63166667"
"CAJICA - UMNG","2024-10-11","","8.95416667"
"CAJICA - UMNG","2024-10-10","","4.42916667"
"CAJICA - UMNG","2024-10-09","","7.50583333"
"CAJICA - UMNG","2024-10-08","","15.94666667"
"CAJICA - UMNG","2024-10-07","","17.51791667"
"CAJICA - UMNG","2024-10-06","","9.15291667"
"CAJICA - UMNG","2024-10-05","","12.15458333"
"CAJICA - UMNG","2024-10-04","","13.22"
"CAJICA - UMNG","2024-10-03","","11.51708333"
"CAJICA - UMNG","2024-10-02","","13.01916667"
"CAJICA - UMNG","2024-10-01","","9.475"
"CAJICA - UMNG","2024-09-30","","12.4425"
"CAJICA - UMNG","2024-09-29","","11.67916667"
"CAJICA - UMNG","2024-09-28","","12.3875"
"CAJICA - UMNG","2024-09-27","","16.64875"
"CAJICA - UMNG","2024-09-26","","12.45291667"
"CAJICA - UMNG","2024-09-25","","11.94125"
"CAJICA - UMNG","2024-09-24","","11.41291667"
"CAJICA - UMNG","2024-09-23","","5.85625"
"CAJICA - UMNG","2024-09-22","","11.42083333"
"CAJICA - UMNG","2024-09-21","","10.69958333"
"CAJICA - UMNG","2024-09-20","","13.38916667"
"CAJICA - UMNG","2024-09-19","","10.53"
"CAJICA - UMNG","2024-09-18","","12.15"
"CAJICA - UMNG","2024-09-17","","8.79041667"
"CAJICA - UMNG","2024-09-16","","11.16916667"
"CAJICA - UMNG","2024-09-15","","9.81708333"
"CAJICA - UMNG","2024-09-14","","9.34583333"
"CAJICA - UMNG","2024-09-13","","10.28333333"
"CAJICA - UMNG","2024-09-12","","15.50583333"
"CAJICA - UMNG","2024-09-11","","14.64083333"
"CAJICA - UMNG","2024-09-10","","10.96791667"
"CAJICA - UMNG","2024-09-09","","10.19541667"
"CAJICA - UMNG","2024-09-08","","13.13708333"
"CAJICA - UMNG","2024-09-07","","17.83083333"
"CAJICA - UMNG","2024-09-06","","16.1825"
"CAJICA - UMNG","2024-09-05","","8.68916667"
"CAJICA - UMNG","2024-09-04","","37.06208333"
"CAJICA - UMNG","2024-09-03","","28.50583333"
"CAJICA - UMNG","2024-09-02","","22.45625"
"CAJICA - UMNG","2024-09-01","","19.91958333"
"CAJICA - UMNG","2024-08-31","","32.53916667"
"CAJICA - UMNG","2024-08-30","","21.12833333"
"CAJICA - UMNG","2024-08-29","","9.89291667"
"CAJICA - UMNG","2024-08-28","","15.53083333"
"CAJICA - UMNG","2024-08-27","","21.65041667"
"CAJICA - UMNG","2024-08-26","","12.71916667"
"CAJICA - UMNG","2024-08-25","","10.875"
"CAJICA - UMNG","2024-08-24","","7.23083333"
"CAJICA - UMNG","2024-08-23","","12.86166667"
"CAJICA - UMNG","2024-08-22","","12.50375"
"CAJICA - UMNG","2024-08-21","","15.07958333"
"CAJICA - UMNG","2024-08-20","","10.8625"
"CAJICA - UMNG","2024-08-19","","13.5625"
"CAJICA - UMNG","2024-08-18","","14.11875"
"CAJICA - UMNG","2024-08-17","","13.83"
"CAJICA - UMNG","2024-08-16","","9.51416667"
"CAJICA - UMNG","2024-08-15","","10.46541667"
"CAJICA - UMNG","2024-08-14","","13.7475"
"CAJICA - UMNG","2024-08-13","","6.725"
"CAJICA - UMNG","2024-08-12","","13.51416667"
"CAJICA - UMNG","2024-08-11","","9.26583333"
"CAJICA - UMNG","2024-08-10","","5.60833333"
"CAJICA - UMNG","2024-08-09","","11.4025"
"CAJICA - UMNG","2024-08-08","","10.73416667"
"CAJICA - UMNG","2024-08-07","","16.245"
"CAJICA - UMNG","2024-08-06","","8.11"
"CAJICA - UMNG","2024-08-05","","7.99916667"
"CAJICA - UMNG","2024-08-04","","9.71916667"
"CAJICA - UMNG","2024-08-03","","9.24833333"
"CAJICA - UMNG","2024-08-02","","10.45208333"
"CAJICA - UMNG","2024-08-01","","9.28291667"
"CAJICA - UMNG","2024-07-31","","4.955"
"CAJICA - UMNG","2024-07-30","","7.19166667"
"CAJICA - UMNG","2024-07-29","","7.59125"
"CAJICA - UMNG","2024-07-28","","7.93333333"
"CAJICA - UMNG","2024-07-27","","5.89583333"
"CAJICA - UMNG","2024-07-26","","7.94166667"
"CAJICA - UMNG","2024-07-25","","5.3"
"CAJICA - UMNG","2024-07-24","","7.6125"
"CAJICA - UMNG","2024-07-23","","5.0125"
"CAJICA - UMNG","2024-07-22","","5.04347826"
"CAJICA - UMNG","2024-07-21","","4.75"
"CAJICA - UMNG","2024-07-20","","5.95416667"
"CAJICA - UMNG","2024-07-19","","7.36666667"
"CAJICA - UMNG","2024-07-18","","6.42083333"
"CAJICA - UMNG","2024-07-17","","5.16666667"
"CAJICA - UMNG","2024-07-16","","4.7"
"CAJICA - UMNG","2024-07-15","","5.54166667"
"CAJICA - UMNG","2024-07-14","","4.5"
"CAJICA - UMNG","2024-07-13","","3.6625"
"CAJICA - UMNG","2024-07-12","","7.5"
"CAJICA - UMNG","2024-07-11","","11.2875"
"CAJICA - UMNG","2024-07-10","","5.53333333"
"CAJICA - UMNG","2024-07-09","","5.65"
"CAJICA - UMNG","2024-07-08","","5.41666667"
"CAJICA - UMNG","2024-07-07","","6.94583333"
"CAJICA - UMNG","2024-07-06","","9.74583333"
"CAJICA - UMNG","2024-07-05","","8.78333333"
"CAJICA - UMNG","2024-07-04","","5.13333333"
"CAJICA - UMNG","2024-07-03","","6.0"
"CAJICA - UMNG","2024-07-02","","5.64166667"
"CAJICA - UMNG","2024-07-01","","4.825"
"CAJICA - UMNG","2024-06-30","","9.71833333"
"CAJICA - UMNG","2024-06-29","","14.33333333"
"CAJICA - UMNG","2024-06-28","","13.07291667"
"CAJICA - UMNG","2024-06-27","","8.83416667"
"CAJICA - UMNG","2024-06-26","","7.0"
"CAJICA - UMNG","2024-06-25","","5.48333333"
"CAJICA - UMNG","2024-06-24","","7.38333333"
"CAJICA - UMNG","2024-06-23","","6.325"
"CAJICA - UMNG","2024-06-22","","7.43333333"
"CAJICA - UMNG","2024-06-21","","4.875"
"CAJICA - UMNG","2024-06-20","","4.41666667"
"CAJICA - UMNG","2024-06-19","","9.08333333"
"CAJICA - UMNG","2024-06-18","","7.53333333"
"CAJICA - UMNG","2024-06-17","","6.8125"
"CAJICA - UMNG","2024-06-16","","3.73041667"
"CAJICA - UMNG","2024-06-15","","6.52083333"
"CAJICA - UMNG","2024-06-14","","16.55416667"
"CAJICA - UMNG","2024-06-13","","5.89166667"
"CAJICA - UMNG","2024-06-12","","7.50833333"
"CAJICA - UMNG","2024-06-11","","10.21666667"
"CAJICA - UMNG","2024-06-10","","8.17916667"
"CAJICA - UMNG","2024-06-09","","6.99166667"
"CAJICA - UMNG","2024-06-08","","5.34166667"
"CAJICA - UMNG","2024-06-07","","9.36666667"
"CAJICA - UMNG","2024-06-06","","5.59166667"
"CAJICA - UMNG","2024-06-05","","4.47083333"
"CAJICA - UMNG","2024-06-04","","2.84166667"
"CAJICA - UMNG","2024-06-02","","8.03076923"
"CAJICA - UMNG","2024-06-01","","3.56666667"
"CAJICA - UMNG","2024-05-31","","3.44583333"
"CAJICA - UMNG","2024-05-30","","5.94583333"
"CAJICA - UMNG","2024-05-29","","5.58333333"
"CAJICA - UMNG","2024-05-28","","4.5375"
"CAJICA - UMNG","2024-05-27","","6.29583333"
"CAJICA - UMNG","2024-05-26","","4.95416667"
"CAJICA - UMNG","2024-05-25","","9.0375"
"CAJICA - UMNG","2024-05-24","","7.3375"
"CAJICA - UMNG","2024-05-23","","6.925"
"CAJICA - UMNG","2024-05-22","","4.94583333"
"CAJICA - UMNG","2024-05-21","","3.52083333"
"CAJICA - UMNG","2024-05-20","","4.89166667"
"CAJICA - UMNG","2024-05-19","","5.82916667"
"CAJICA - UMNG","2024-05-18","","8.50833333"
"CAJICA - UMNG","2024-05-17","","8.11666667"
"CAJICA - UMNG","2024-05-16","","12.4375"
"CAJICA - UMNG","2024-05-15","","9.4125"
"CAJICA - UMNG","2024-05-14","","6.73846154"
"CAJICA - UMNG","2024-05-12","","10.23846154"
"CAJICA - UMNG","2024-05-11","","5.64"
"CAJICA - UMNG","2024-05-10","","5.9375"
"CAJICA - UMNG","2024-05-09","","6.25"
"CAJICA - UMNG","2024-05-08","","10.82083333"
"CAJICA - UMNG","2024-05-07","","5.70833333"
"CAJICA - UMNG","2024-05-06","","3.29583333"
"CAJICA - UMNG","2024-05-05","","5.31666667"
"CAJICA - UMNG","2024-05-04","","10.83333333"
"CAJICA - UMNG","2024-05-03","","10.425"
"CAJICA - UMNG","2024-05-02","","15.37916667"
"CAJICA - UMNG","2024-05-01","","8.7125"
"CAJICA - UMNG","2024-04-29","","8.4875"
"CAJICA - UMNG","2024-04-28","","16.87083333"
"CAJICA - UMNG","2024-04-27","","6.90416667"
"CAJICA - UMNG","2024-04-26","","9.56666667"
"CAJICA - UMNG","2024-04-25","","12.7875"
"CAJICA - UMNG","2024-04-24","","10.225"
"CAJICA - UMNG","2024-04-23","","11.68333333"
"CAJICA - UMNG","2024-04-22","","6.725"
"CAJICA - UMNG","2024-04-21","","10.59166667"
"CAJICA - UMNG","2024-04-20","","13.45416667"
"CAJICA - UMNG","2024-04-19","","14.53333333"
"CAJICA - UMNG","2024-04-18","","33.67916667"
"CAJICA - UMNG","2024-04-17","","36.09166667"
"CAJICA - UMNG","2024-04-16","","33.025"
"CAJICA - UMNG","2024-04-15","","31.85833333"
"CAJICA - UMNG","2024-04-14","","34.22083333"
"CAJICA - UMNG","2024-04-13","","38.2125"
"CAJICA - UMNG","2024-04-12","","37.075"
"CAJICA - UMNG","2024-04-11","","33.41538462"
"CAJICA - UMNG","2024-03-03","","38.17222222"
"CAJICA - UMNG","2024-03-02","","46.55217391"
"CAJICA - UMNG","2024-03-01","","38.5125"
"CAJICA - UMNG","2024-02-29","","31.05"
"CAJICA - UMNG","2024-02-26","","43.66"
"CAJICA - UMNG","2024-02-25","","33.47083333"
"CAJICA - UMNG","2024-02-24","","34.04583333"
"CAJICA - UMNG","2024-02-23","","22.14583333"
"CAJICA - UMNG","2024-02-22","","16.10416667"
"CAJICA - UMNG","2024-02-21","","27.4"
"CAJICA - UMNG","2024-02-20","","29.85833333"
"CAJICA - UMNG","2024-02-19","","33.36666667"
"CAJICA - UMNG","2024-02-18","","22.62083333"
"CAJICA - UMNG","2024-02-17","","14.625"
"CAJICA - UMNG","2024-02-16","","17.91666667"
"CAJICA - UMNG","2024-02-15","","19.7375"
"CAJICA - UMNG","2024-02-14","","23.81666667"
"CAJICA - UMNG","2024-02-13","","28.60833333"
"CAJICA - UMNG","2024-02-12","","23.70833333"
"CAJICA - UMNG","2024-02-11","","17.9875"
"CAJICA - UMNG","2024-02-10","","11.35416667"
"CAJICA - UMNG","2024-02-09","","11.225"
"CAJICA - UMNG","2024-02-08","","19.80416667"
"CAJICA - UMNG","2024-02-07","","15.34583333"
"CAJICA - UMNG","2024-02-06","","10.60833333"
"CAJICA - UMNG","2024-02-05","","11.65833333"
"CAJICA - UMNG","2024-02-04","","11.85416667"
"CAJICA - UMNG","2024-02-03","","20.0125"
"CAJICA - UMNG","2024-02-02","","22.74166667"
"CAJICA - UMNG","2024-02-01","","30.00833333"
"CAJICA - UMNG","2024-01-31","","40.6375"
"CAJICA - UMNG","2024-01-30","","41.03333333"
"CAJICA - UMNG","2024-01-29","","27.14166667"
"CAJICA - UMNG","2024-01-28","","44.3"
"CAJICA - UMNG","2024-01-27","","57.20416667"
"CAJICA - UMNG","2024-01-26","","49.99166667"
"CAJICA - UMNG","2024-01-25","","62.87916667"
"CAJICA - UMNG","2024-01-24","","50.8875"
"CAJICA - UMNG","2024-01-23","","20.21666667"
"CAJICA - UMNG","2024-01-22","","17.86666667"
"CAJICA - UMNG","2024-01-21","","15.9875"
"CAJICA - UMNG","2024-01-20","","17.9125"
"CAJICA - UMNG","2024-01-19","","16.99166667"
"CAJICA - UMNG","2024-01-18","","18.0125"
"CAJICA - UMNG","2024-01-17","","21.5625"
"CAJICA - UMNG","2024-01-16","","21.396"
"CAJICA - UMNG","2024-01-15","","22.39166667"
"CAJICA - UMNG","2024-01-14","","27.0"
"CAJICA - UMNG","2024-01-13","","33.80833333"
"CAJICA - UMNG","2024-01-12","","28.34583333"
"CAJICA - UMNG","2024-01-11","","23.99583333"
"CAJICA - UMNG","2024-01-10","","9.78571429"
"CAJICA - UMNG","2024-01-06","","28.95333333"
"CAJICA - UMNG","2024-01-05","","22.47083333"
"CAJICA - UMNG","2024-01-04","","18.69583333"
"CAJICA - UMNG","2024-01-03","","20.1375"
"CAJICA - UMNG","2024-01-02","","17.8125"
"CAJICA - UMNG","2024-01-01","","30.95833333"
"CAJICA - UMNG","2023-12-31","","19.73043478"
"CAJICA - UMNG","2023-12-30","","17.5625"
"CAJICA - UMNG","2023-12-29","","24.99583333"
"CAJICA - UMNG","2023-12-28","","21.27083333"
"CAJICA - UMNG","2023-12-27","","17.6875"
"CAJICA - UMNG","2023-12-26","","10.1173913"
"CAJICA - UMNG","2023-12-25","","22.40833333"
"CAJICA - UMNG","2023-12-24","","20.08333333"
"CAJICA - UMNG","2023-12-23","","25.4375"
"CAJICA - UMNG","2023-12-22","","20.09583333"
"CAJICA - UMNG","2023-12-21","","29.2625"
"CAJICA - UMNG","2023-12-20","","15.75"
"CAJICA - UMNG","2023-12-19","","19.77083333"
"CAJICA - UMNG","2023-12-18","","18.4625"
"CAJICA - UMNG","2023-12-17","","19.07083333"
"CAJICA - UMNG","2023-12-16","","27.82916667"
"CAJICA - UMNG","2023-12-15","","24.70833333"
"CAJICA - UMNG","2023-12-14","","30.25833333"
"CAJICA - UMNG","2023-12-13","","16.95"
"CAJICA - UMNG","2023-12-12","","13.2375"
"CAJICA - UMNG","2023-12-11","","10.60869565"
"CAJICA - UMNG","2023-12-10","","7.37916667"
"CAJICA - UMNG","2023-12-09","","10.30416667"
"CAJICA - UMNG","2023-12-08","","18.89166667"
"CAJICA - UMNG","2023-12-07","","22.5375"
"CAJICA - UMNG","2023-12-06","","13.45"
"CAJICA - UMNG","2023-12-05","","19.56333333"
"CAJICA - UMNG","2023-12-04","","20.068"
"CAJICA - UMNG","2023-12-03","","25.6925"
"CAJICA - UMNG","2023-12-02","","20.44375"
"CAJICA - UMNG","2023-12-01","","19.48208333"
"CAJICA - UMNG","2023-11-30","","16.31"
"CAJICA - UMNG","2023-11-29","","15.46125"
"CAJICA - UMNG","2023-11-28","","7.19409091"
"CAJICA - UMNG","2023-11-27","","6.97916667"
"CAJICA - UMNG","2023-11-26","","9.57083333"
"CAJICA - UMNG","2023-11-25","","10.84833333"
"CAJICA - UMNG","2023-11-24","","15.17166667"
"CAJICA - UMNG","2023-11-23","","21.44125"
"CAJICA - UMNG","2023-11-22","","21.39875"
"CAJICA - UMNG","2023-11-21","","14.1426087"
"CAJICA - UMNG","2023-11-20","","16.15541667"
"CAJICA - UMNG","2023-11-19","","18.60666667"
"CAJICA - UMNG","2023-11-18","","18.87541667"
"CAJICA - UMNG","2023-11-17","","18.81333333"
"CAJICA - UMNG","2023-11-16","","17.19791667"
"CAJICA - UMNG","2023-11-15","","13.00833333"
"CAJICA - UMNG","2023-11-14","","9.78625"
"CAJICA - UMNG","2023-11-13","","11.70208333"
"CAJICA - UMNG","2023-11-12","","12.37833333"
"CAJICA - UMNG","2023-11-11","","12.69916667"
"CAJICA - UMNG","2023-11-10","","12.335"
"CAJICA - UMNG","2023-11-09","","13.5275"
"CAJICA - UMNG","2023-11-08","","12.02333333"
"CAJICA - UMNG","2023-11-07","","8.74166667"
"CAJICA - UMNG","2023-11-06","","13.05291667"
"CAJICA - UMNG","2023-11-05","","14.35083333"
"CAJICA - UMNG","2023-11-04","","15.285"
"CAJICA - UMNG","2023-11-03","","26.79875"
"CAJICA - UMNG","2023-11-02","","21.50916667"
"CAJICA - UMNG","2023-11-01","","12.005"
"CAJICA - UMNG","2023-10-31","","14.84333333"
"CAJICA - UMNG","2023-10-30","","20.26958333"
"CAJICA - UMNG","2023-10-29","","12.22666667"
"CAJICA - UMNG","2023-10-28","","11.62208333"
"CAJICA - UMNG","2023-10-27","","14.23375"
"CAJICA - UMNG","2023-10-26","","20.91583333"
"CAJICA - UMNG","2023-10-25","","15.00458333"
"CAJICA - UMNG","2023-10-24","","18.09"
"CAJICA - UMNG","2023-10-23","","16.97125"
"CAJICA - UMNG","2023-10-22","","22.58625"
"CAJICA - UMNG","2023-10-21","","22.37"
"CAJICA - UMNG","2023-10-20","","23.75166667"
"CAJICA - UMNG","2023-10-19","","10.08208333"
"CAJICA - UMNG","2023-10-18","","11.84583333"
"CAJICA - UMNG","2023-10-17","","12.09333333"
"CAJICA - UMNG","2023-10-16","","15.42583333"
"CAJICA - UMNG","2023-10-15","","14.61708333"
"CAJICA - UMNG","2023-10-14","","15.47208333"
"CAJICA - UMNG","2023-10-13","","17.29208333"
"CAJICA - UMNG","2023-10-12","","24.40666667"
"CAJICA - UMNG","2023-10-11","","15.65333333"
"CAJICA - UMNG","2023-10-10","","10.87083333"
"CAJICA - UMNG","2023-10-09","","13.90833333"
"CAJICA - UMNG","2023-10-08","","11.13166667"
"CAJICA - UMNG","2023-10-07","","11.815"
"CAJICA - UMNG","2023-10-06","","15.37833333"
"CAJICA - UMNG","2023-10-05","","20.5975"
"CAJICA - UMNG","2023-10-04","","22.0725"
"CAJICA - UMNG","2023-10-03","","17.79375"
"CAJICA - UMNG","2023-10-02","","19.24791667"
"CAJICA - UMNG","2023-10-01","","10.21041667"
"CAJICA - UMNG","2023-09-30","","13.80666667"
"CAJICA - UMNG","2023-09-29","","14.00958333"
"CAJICA - UMNG","2023-09-28","","22.6375"
"CAJICA - UMNG","2023-09-27","","21.98291667"
"CAJICA - UMNG","2023-09-26","","14.40208333"
"CAJICA - UMNG","2023-09-25","","11.80833333"
"CAJICA - UMNG","2023-09-24","","6.10583333"
"CAJICA - UMNG","2023-09-23","","15.65833333"
"CAJICA - UMNG","2023-09-22","","17.96625"
"CAJICA - UMNG","2023-09-21","","19.04625"
"CAJICA - UMNG","2023-09-20","","18.3673913"
"CAJICA - UMNG","2023-09-19","","14.8075"
"CAJICA - UMNG","2023-09-18","","20.27041667"
"CAJICA - UMNG","2023-09-17","","11.7325"
"CAJICA - UMNG","2023-09-16","","15.8175"
"CAJICA - UMNG","2023-09-15","","11.40333333"
"CAJICA - UMNG","2023-09-14","","12.39"
"CAJICA - UMNG","2023-09-13","","13.09833333"
"CAJICA - UMNG","2023-09-12","","12.45347826"
"CAJICA - UMNG","2023-09-11","","9.7775"
"CAJICA - UMNG","2023-09-10","","12.98333333"
"CAJICA - UMNG","2023-09-09","","13.53083333"
"CAJICA - UMNG","2023-09-08","","9.92"
"CAJICA - UMNG","2023-09-03","","12.48842105"
"CAJICA - UMNG","2023-09-02","","22.99666667"
"CAJICA - UMNG","2023-08-31","","15.66954545"
"CAJICA - UMNG","2023-08-30","","8.52347826"
"CAJICA - UMNG","2023-08-29","","10.65083333"
"CAJICA - UMNG","2023-08-28","","16.29333333"
"CAJICA - UMNG","2023-08-27","","18.55208333"
"CAJICA - UMNG","2023-08-26","","19.15291667"
"CAJICA - UMNG","2023-08-25","","15.10333333"
"CAJICA - UMNG","2023-08-24","","12.23458333"
"CAJICA - UMNG","2023-08-23","","10.26791667"
"CAJICA - UMNG","2023-08-22","","10.36958333"
"CAJICA - UMNG","2023-08-21","","8.93833333"
"CAJICA - UMNG","2023-08-20","","10.6125"
"CAJICA - UMNG","2023-08-19","","17.66375"
"CAJICA - UMNG","2023-08-18","","16.85125"
"CAJICA - UMNG","2023-08-17","","8.00291667"
"CAJICA - UMNG","2023-08-16","","9.83833333"
"CAJICA - UMNG","2023-08-15","","8.02833333"
"CAJICA - UMNG","2023-08-14","","9.12791667"
"CAJICA - UMNG","2023-08-13","","8.53291667"
"CAJICA - UMNG","2023-08-12","","9.80958333"
"CAJICA - UMNG","2023-08-11","","6.51625"
"CAJICA - UMNG","2023-08-10","","14.44826087"
"CAJICA - UMNG","2023-08-09","","8.78291667"
"CAJICA - UMNG","2023-08-08","","11.83041667"
"CAJICA - UMNG","2023-08-07","","6.76238095"
"CAJICA - UMNG","2023-08-06","","7.28708333"
"CAJICA - UMNG","2023-08-05","","9.03375"
"CAJICA - UMNG","2023-08-04","","9.50875"
"CAJICA - UMNG","2023-08-03","","5.31833333"
"CAJICA - UMNG","2023-08-02","","5.66214286"
"CAJICA - UMNG","2023-07-25","","8.00357143"
"CAJICA - UMNG","2023-07-24","","3.84173913"
"CAJICA - UMNG","2023-07-23","","4.88333333"
"CAJICA - UMNG","2023-07-22","","4.89166667"
"CAJICA - UMNG","2023-07-21","","4.6173913"
"CAJICA - UMNG","2023-07-20","","3.02083333"
"CAJICA - UMNG","2023-07-19","","5.40083333"
"CAJICA - UMNG","2023-07-18","","5.155"
"CAJICA - UMNG","2023-07-17","","4.22208333"
"CAJICA - UMNG","2023-07-16","","4.51583333"
"CAJICA - UMNG","2023-07-15","","4.84875"
"CAJICA - UMNG","2023-07-14","","4.62166667"
"CAJICA - UMNG","2023-07-13","","5.05458333"
"CAJICA - UMNG","2023-07-12","","9.41958333"
"CAJICA - UMNG","2023-07-11","","5.94"
"CAJICA - UMNG","2023-07-10","","7.49416667"
"CAJICA - UMNG","2023-07-09","","4.81375"
"CAJICA - UMNG","2023-07-08","","7.08083333"
"CAJICA - UMNG","2023-07-07","","5.55958333"
"CAJICA - UMNG","2023-07-06","","5.07666667"
"CAJICA - UMNG","2023-07-05","","8.41041667"
"CAJICA - UMNG","2023-07-04","","5.27375"
"CAJICA - UMNG","2023-06-22","","4.67333333"
"CAJICA - UMNG","2023-06-21","","4.6525"
"CAJICA - UMNG","2023-06-20","","4.390625"
"CAJICA - UMNG","2023-06-19","","4.6625"
"CAJICA - UMNG","2023-06-18","","2.16789474"
"CAJICA - UMNG","2023-06-17","","1.2475"
"CAJICA - UMNG","2023-06-16","","4.93611111"
"CAJICA - UMNG","2023-06-15","","3.22608696"
"CAJICA - UMNG","2023-06-14","","4.85227273"
"CAJICA - UMNG","2023-06-13","","5.2475"
"CAJICA - UMNG","2023-06-12","","4.9125"
"CAJICA - UMNG","2023-06-11","","8.45541667"
"CAJICA - UMNG","2023-06-10","","10.29375"
"CAJICA - UMNG","2023-06-09","","6.81416667"
"CAJICA - UMNG","2023-06-08","","4.20956522"
"CAJICA - UMNG","2023-06-07","","6.1675"
"CAJICA - UMNG","2023-06-06","","4.5"
"CAJICA - UMNG","2023-06-05","","7.95"
"CAJICA - UMNG","2023-06-04","","10.48333333"
"CAJICA - UMNG","2023-06-03","","11.90833333"
"CAJICA - UMNG","2023-06-02","","7.4125"
"CAJICA - UMNG","2023-06-01","","4.13333333"
"CAJICA - UMNG","2023-05-31","","7.88333333"
"CAJICA - UMNG","2023-05-30","","9.15833333"
"CAJICA - UMNG","2023-05-29","","13.58333333"
"CAJICA - UMNG","2023-05-28","","4.10833333"
"CAJICA - UMNG","2023-05-27","","10.99166667"
"CAJICA - UMNG","2023-05-26","","5.75041667"
"CAJICA - UMNG","2023-05-25","","10.775"
"CAJICA - UMNG","2023-05-24","","8.9825"
"CAJICA - UMNG","2023-05-23","","8.20541667"
"CAJICA - UMNG","2023-05-22","","11.97583333"
"CAJICA - UMNG","2023-05-21","","16.54083333"
"CAJICA - UMNG","2023-05-20","","12.01708333"
"CAJICA - UMNG","2023-05-19","","7.83291667"
"CAJICA - UMNG","2023-05-18","","9.63375"
"CAJICA - UMNG","2023-05-17","","8.69958333"
"CAJICA - UMNG","2023-05-16","","8.52166667"
"CAJICA - UMNG","2023-05-15","","12.92291667"
"CAJICA - UMNG","2023-05-14","","16.24625"
"CAJICA - UMNG","2023-05-13","","14.575"
"CAJICA - UMNG","2023-05-10","","6.26791667"
"CAJICA - UMNG","2023-05-09","","8.82916667"
"CAJICA - UMNG","2023-05-08","","15.6875"
"CAJICA - UMNG","2023-05-07","","13.61166667"
"CAJICA - UMNG","2023-05-06","","15.57083333"
"CAJICA - UMNG","2023-05-05","","15.49583333"
"CAJICA - UMNG","2023-05-04","","12.69583333"
"CAJICA - UMNG","2023-05-03","","11.54166667"
"CAJICA - UMNG","2023-05-02","","10.37"
"CAJICA - UMNG","2023-05-01","","6.1875"
"CAJICA - UMNG","2023-04-30","","7.0875"
"CAJICA - UMNG","2023-04-29","","7.14583333"
"CAJICA - UMNG","2023-04-28","","5.56666667"
"CAJICA - UMNG","2023-04-27","","10.58333333"
"CAJICA - UMNG","2023-04-26","","11.4875"
"CAJICA - UMNG","2023-04-25","","16.15291667"
"CAJICA - UMNG","2023-04-24","","10.12583333"
"CAJICA - UMNG","2023-04-23","","10.08208333"
"CAJICA - UMNG","2023-04-22","","10.75333333"
"CAJICA - UMNG","2023-04-21","","8.475"
"CAJICA - UMNG","2023-04-18","","12.29363636"
"CAJICA - UMNG","2023-04-17","","8.64166667"
"CAJICA - UMNG","2023-04-16","","27.58541667"
"CAJICA - UMNG","2023-04-15","","32.19708333"
"CAJICA - UMNG","2023-04-14","","25.89208333"
"CAJICA - UMNG","2023-04-13","","20.63833333"
"CAJICA - UMNG","2023-04-12","","11.88791667"
"CAJICA - UMNG","2023-04-11","","11.68833333"
"CAJICA - UMNG","2023-04-10","","10.37541667"
"CAJICA - UMNG","2023-04-09","","11.08"
"CAJICA - UMNG","2023-04-08","","20.29958333"
"CAJICA - UMNG","2023-04-07","","19.09583333"
"CAJICA - UMNG","2023-04-06","","22.70083333"
"CAJICA - UMNG","2023-04-05","","23.10083333"
"CAJICA - UMNG","2023-04-04","","18.18913043"
"CAJICA - UMNG","2023-04-03","","12.85583333"
"CAJICA - UMNG","2023-04-02","","9.34458333"
"CAJICA - UMNG","2023-04-01","","26.52791667"
"CAJICA - UMNG","2023-03-31","","35.00666667"
"CAJICA - UMNG","2023-03-30","","21.52625"
"CAJICA - UMNG","2023-03-29","","15.73375"
"CAJICA - UMNG","2023-03-28","","28.72333333"
"CAJICA - UMNG","2023-03-27","","35.15458333"
"CAJICA - UMNG","2023-03-26","","41.34958333"
"CAJICA - UMNG","2023-03-25","","27.67666667"
"CAJICA - UMNG","2023-03-24","","27.8675"
"CAJICA - UMNG","2023-03-23","","29.73"
"CAJICA - UMNG","2023-03-22","","36.54166667"
"CAJICA - UMNG","2023-03-21","","23.61666667"
"CAJICA - UMNG","2023-03-20","","18.19956522"
"CAJICA - UMNG","2023-03-19","","12.73833333"
"CAJICA - UMNG","2023-03-18","","18.52041667"
"CAJICA - UMNG","2023-03-17","","20.23041667"
"CAJICA - UMNG","2023-03-16","","11.89458333"
"CAJICA - UMNG","2023-03-15","","14.20541667"
"CAJICA - UMNG","2023-03-14","","15.21041667"
"CAJICA - UMNG","2023-03-13","","8.27291667"
"CAJICA - UMNG","2023-03-12","","9.63541667"
"CAJICA - UMNG","2023-03-11","","12.09458333"
"CAJICA - UMNG","2023-03-10","","16.52291667"
"CAJICA - UMNG","2023-03-09","","14.54208333"
"CAJICA - UMNG","2023-03-08","","12.54875"
"CAJICA - UMNG","2023-03-07","","16.8475"
"CAJICA - UMNG","2023-03-06","","16.81333333"
"CAJICA - UMNG","2023-03-05","","9.31333333"
"CAJICA - UMNG","2023-03-04","","11.06583333"
"CAJICA - UMNG","2023-03-03","","14.655"
"CAJICA - UMNG","2023-03-02","","19.49333333"
"CAJICA - UMNG","2023-03-01","","22.65833333"
"CAJICA - UMNG","2023-02-28","","23.38375"
"CAJICA - UMNG","2023-02-27","","22.37458333"
"CAJICA - UMNG","2023-02-26","","31.50541667"
"CAJICA - UMNG","2023-02-25","","28.97416667"
"CAJICA - UMNG","2023-02-24","","25.99458333"
"CAJICA - UMNG","2023-02-23","","22.53583333"
"CAJICA - UMNG","2023-02-22","","20.64125"
"CAJICA - UMNG","2023-02-21","","24.95458333"
"CAJICA - UMNG","2023-02-20","","19.86083333"
"CAJICA - UMNG","2023-02-19","","15.97375"
"CAJICA - UMNG","2023-02-18","","13.79458333"
"CAJICA - UMNG","2023-02-17","","14.77458333"
"CAJICA - UMNG","2023-02-16","","13.905"
"CAJICA - UMNG","2023-02-15","","14.05416667"
"CAJICA - UMNG","2023-02-14","","13.70416667"
"CAJICA - UMNG","2023-02-13","","22.88541667"
"CAJICA - UMNG","2023-02-12","","22.48583333"
"CAJICA - UMNG","2023-02-11","","20.46625"
"CAJICA - UMNG","2023-02-10","","21.94916667"
"CAJICA - UMNG","2023-02-09","","20.65875"
"CAJICA - UMNG","2023-02-08","","18.18666667"
"CAJICA - UMNG","2023-02-07","","16.67208333"
"CAJICA - UMNG","2023-02-06","","11.56"
"CAJICA - UMNG","2023-02-05","","11.87875"
"CAJICA - UMNG","2023-02-04","","27.49458333"
"CAJICA - UMNG","2023-02-03","","32.42041667"
"CAJICA - UMNG","2023-02-02","","23.55666667"
"CAJICA - UMNG","2023-02-01","","8.45916667"
"CAJICA - UMNG","2023-01-31","","8.33458333"
"CAJICA - UMNG","2023-01-30","","8.53833333"
"CAJICA - UMNG","2023-01-29","","8.32583333"
"CAJICA - UMNG","2023-01-28","","8.39916667"
"CAJICA - UMNG","2023-01-27","","8.4325"
"CAJICA - UMNG","2023-01-26","","8.40583333"
"CAJICA - UMNG","2023-01-25","","8.61166667"
"CAJICA - UMNG","2023-01-24","","8.68333333"
"CAJICA - UMNG","2023-01-23","","8.64958333"
"CAJICA - UMNG","2023-01-22","","17.12666667"
"CAJICA - UMNG","2023-01-21","","16.54458333"
"CAJICA - UMNG","2023-01-20","","24.04625"
"CAJICA - UMNG","2023-01-19","","18.48041667"
"CAJICA - UMNG","2023-01-18","","16.31333333"
"CAJICA - UMNG","2023-01-17","","22.15458333"
"CAJICA - UMNG","2023-01-16","","14.14916667"
"CAJICA - UMNG","2023-01-15","","13.8575"
"CAJICA - UMNG","2023-01-14","","18.49"
"CAJICA - UMNG","2023-01-13","","12.66333333"
"CAJICA - UMNG","2023-01-12","","10.85041667"
"CAJICA - UMNG","2023-01-11","","13.5773913"
"CAJICA - UMNG","2023-01-10","","12.48291667"
"CAJICA - UMNG","2023-01-09","","12.47416667"
"CAJICA - UMNG","2023-01-08","","12.705"
"CAJICA - UMNG","2023-01-07","","12.94291667"
"CAJICA - UMNG","2023-01-06","","13.51416667"
"CAJICA - UMNG","2023-01-05","","12.65041667"
"CAJICA - UMNG","2023-01-04","","14.99666667"
"CAJICA - UMNG","2023-01-03","","14.72"
"CAJICA - UMNG","2023-01-02","","12.56833333"
"CAJICA - UMNG","2023-01-01","","35.84541667"
"CAJICA - UMNG","2022-12-31","","20.32043478"
"CAJICA - UMNG","2022-12-30","","24.70708333"
"CAJICA - UMNG","2022-12-29","","22.70333333"
"CAJICA - UMNG","2022-12-28","","20.44375"
"CAJICA - UMNG","2022-12-27","","20.09791667"
"CAJICA - UMNG","2022-12-26","","16.60875"
"CAJICA - UMNG","2022-12-25","","27.535"
"CAJICA - UMNG","2022-12-24","","19.56458333"
"CAJICA - UMNG","2022-12-23","","16.25708333"
"CAJICA - UMNG","2022-12-22","","10.32692308"
"CAJICA - UMNG","2022-12-17","","25.30111111"
"CAJICA - UMNG","2022-12-16","","18.71458333"
"CAJICA - UMNG","2022-12-15","","12.41041667"
"CAJICA - UMNG","2022-12-14","","11.69041667"
"CAJICA - UMNG","2022-12-13","","13.3625"
"CAJICA - UMNG","2022-12-12","","18.34833333"
"CAJICA - UMNG","2022-12-11","","14.27791667"
"CAJICA - UMNG","2022-12-10","","23.71083333"
"CAJICA - UMNG","2022-12-09","","18.65625"
"CAJICA - UMNG","2022-12-08","","19.59208333"
"CAJICA - UMNG","2022-12-07","","18.68625"
"CAJICA - UMNG","2022-12-06","","20.79333333"
"CAJICA - UMNG","2022-12-05","","17.685"
"CAJICA - UMNG","2022-12-04","","21.0625"
"CAJICA - UMNG","2022-12-03","","19.99"
"CAJICA - UMNG","2022-12-02","","15.17583333"
"CAJICA - UMNG","2022-12-01","","17.1025"
"CAJICA - UMNG","2022-11-30","","10.96"
"CAJICA - UMNG","2022-11-29","","14.11958333"
"CAJICA - UMNG","2022-11-28","","19.92"
"CAJICA - UMNG","2022-11-27","","19.23666667"
"CAJICA - UMNG","2022-11-26","","14.90166667"
"CAJICA - UMNG","2022-11-25","","19.98625"
"CAJICA - UMNG","2022-11-24","","24.82764706"
"CAJICA - UMNG","2022-11-17","","10.353"
"CAJICA - UMNG","2022-11-16","","9.54666667"
"CAJICA - UMNG","2022-11-15","","10.05"
"CAJICA - UMNG","2022-11-14","","12.8875"
"CAJICA - UMNG","2022-11-13","","13.13583333"
"CAJICA - UMNG","2022-11-12","","14.20916667"
"CAJICA - UMNG","2022-11-11","","20.12166667"
"CAJICA - UMNG","2022-11-10","","11.84458333"
"CAJICA - UMNG","2022-11-09","","16.125"
"CAJICA - UMNG","2022-11-08","","12.07416667"
"CAJICA - UMNG","2022-11-07","","13.76375"
"CAJICA - UMNG","2022-11-06","","12.47791667"
"CAJICA - UMNG","2022-11-05","","8.7625"
"CAJICA - UMNG","2022-11-04","","8.755"
"CAJICA - UMNG","2022-11-03","","8.72541667"
"CAJICA - UMNG","2022-11-02","","8.8475"
"CAJICA - UMNG","2022-11-01","","8.73083333"
"CAJICA - UMNG","2022-10-31","","8.80833333"
"CAJICA - UMNG","2022-10-30","","8.73833333"
"CAJICA - UMNG","2022-10-29","","8.7925"
"CAJICA - UMNG","2022-10-28","","8.89166667"
"CAJICA - UMNG","2022-10-27","","8.83458333"
"CAJICA - UMNG","2022-10-26","","10.15083333"
"CAJICA - UMNG","2022-10-25","","16.50125"
"CAJICA - UMNG","2022-10-24","","6.53916667"
"CAJICA - UMNG","2022-10-23","","13.75083333"
"CAJICA - UMNG","2022-10-22","","20.75041667"
"CAJICA - UMNG","2022-10-21","","27.19958333"
"CAJICA - UMNG","2022-10-20","","12.57333333"
"CAJICA - UMNG","2022-10-19","","11.74"
"CAJICA - UMNG","2022-10-18","","13.75"
"CAJICA - UMNG","2022-10-17","","11.0425"
"CAJICA - UMNG","2022-10-16","","10.1825"
"CAJICA - UMNG","2022-10-15","","9.05"
"CAJICA - UMNG","2022-10-14","","23.47416667"
"CAJICA - UMNG","2022-10-13","","13.30666667"
"CAJICA - UMNG","2022-10-12","","8.12583333"
"CAJICA - UMNG","2022-10-11","","8.14583333"
"CAJICA - UMNG","2022-10-10","","20.4575"
"CAJICA - UMNG","2022-10-09","","36.28208333"
"CAJICA - UMNG","2022-10-08","","36.23666667"
"CAJICA - UMNG","2022-10-07","","35.5525"
"CAJICA - UMNG","2022-10-06","","33.54208333"
"CAJICA - UMNG","2022-10-05","","21.0428"
"CAJICA - UMNG","2022-10-04","","13.985"
"CAJICA - UMNG","2022-10-03","","12.52565217"
"CAJICA - UMNG","2022-10-02","","8.67125"
"CAJICA - UMNG","2022-10-01","","5.26083333"
"CAJICA - UMNG","2022-09-30","","23.72"
"CAJICA - UMNG","2022-09-29","","27.93416667"
"CAJICA - UMNG","2022-09-28","","22.75208333"
"CAJICA - UMNG","2022-09-27","","21.63916667"
"CAJICA - UMNG","2022-09-26","","13.30217391"
"CAJICA - UMNG","2022-09-25","","9.65458333"
"CAJICA - UMNG","2022-09-24","","11.23125"
"CAJICA - UMNG","2022-09-23","","21.92166667"
"CAJICA - UMNG","2022-09-22","","18.96916667"
"CAJICA - UMNG","2022-09-21","","24.22375"
"CAJICA - UMNG","2022-09-20","","15.40217391"
"CAJICA - UMNG","2022-09-19","","14.55291667"
"CAJICA - UMNG","2022-09-18","","14.62458333"
"CAJICA - UMNG","2022-09-17","","12.29666667"
"CAJICA - UMNG","2022-09-16","","9.21041667"
"CAJICA - UMNG","2022-09-15","","11.44333333"
"CAJICA - UMNG","2022-09-14","","9.64291667"
"CAJICA - UMNG","2022-09-13","","14.90826087"
"CAJICA - UMNG","2022-09-12","","18.91833333"
"CAJICA - UMNG","2022-09-11","","6.93083333"
"CAJICA - UMNG","2022-09-10","","10.28083333"
"CAJICA - UMNG","2022-09-09","","14.4125"
"CAJICA - UMNG","2022-09-08","","17.31458333"
"CAJICA - UMNG","2022-09-07","","13.38833333"
"CAJICA - UMNG","2022-09-06","","16.54956522"
"CAJICA - UMNG","2022-09-05","","51.71458333"
"CAJICA - UMNG","2022-09-04","","25.10708333"
"CAJICA - UMNG","2022-09-03","","9.14875"
"CAJICA - UMNG","2022-09-02","","12.53791667"
"CAJICA - UMNG","2022-09-01","","13.45333333"
"CAJICA - UMNG","2022-08-31","","13.37833333"
"CAJICA - UMNG","2022-08-30","","9.18625"
"CAJICA - UMNG","2022-08-29","","10.17"
"CAJICA - UMNG","2022-08-28","","18.31916667"
"CAJICA - UMNG","2022-08-27","","19.92791667"
"CAJICA - UMNG","2022-08-26","","24.71565217"
"CAJICA - UMNG","2022-08-25","","19.6375"
"CAJICA - UMNG","2022-08-24","","18.27083333"
"CAJICA - UMNG","2022-08-23","","21.62916667"
"CAJICA - UMNG","2022-08-22","","17.42916667"
"CAJICA - UMNG","2022-08-21","","10.62916667"
"CAJICA - UMNG","2022-08-20","","7.05833333"
"CAJICA - UMNG","2022-08-19","","9.13076923"
"CAJICA - UMNG","2022-08-08","","7.97538462"
"CAJICA - UMNG","2022-08-07","","8.67625"
"CAJICA - UMNG","2022-08-06","","7.0075"
"CAJICA - UMNG","2022-08-05","","10.0575"
"CAJICA - UMNG","2022-08-04","","10.61666667"
"CAJICA - UMNG","2022-08-03","","8.28083333"
"CAJICA - UMNG","2022-08-02","","10.05958333"
"CAJICA - UMNG","2022-08-01","","7.20583333"
"CAJICA - UMNG","2022-07-31","","9.84833333"
"CAJICA - UMNG","2022-07-30","","7.03916667"
"CAJICA - UMNG","2022-07-29","","7.87458333"
"CAJICA - UMNG","2022-07-28","","8.6225"
"CAJICA - UMNG","2022-07-27","","10.39625"
"CAJICA - UMNG","2022-07-26","","10.14608696"
"CAJICA - UMNG","2022-07-25","","7.09375"
"CAJICA - UMNG","2022-07-24","","8.63875"
"CAJICA - UMNG","2022-07-23","","9.91958333"
"CAJICA - UMNG","2022-07-22","","7.00166667"
"CAJICA - UMNG","2022-07-21","","6.13291667"
"CAJICA - UMNG","2022-07-20","","5.77375"
"CAJICA - UMNG","2022-07-19","","7.01086957"
"CAJICA - UMNG","2022-07-18","","5.43625"
"CAJICA - UMNG","2022-07-17","","7.42875"
"CAJICA - UMNG","2022-07-16","","15.9475"
"CAJICA - UMNG","2022-07-15","","18.64666667"
"CAJICA - UMNG","2022-07-14","","18.87291667"
"CAJICA - UMNG","2022-07-13","","8.2175"
"CAJICA - UMNG","2022-07-12","","6.6525"
"CAJICA - UMNG","2022-07-11","","7.91458333"
"CAJICA - UMNG","2022-07-10","","7.1975"
"CAJICA - UMNG","2022-07-09","","6.37333333"
"CAJICA - UMNG","2022-07-08","","8.69458333"
"CAJICA - UMNG","2022-07-07","","10.58875"
"CAJICA - UMNG","2022-07-06","","8.27608696"
"CAJICA - UMNG","2022-07-05","","7.53291667"
"CAJICA - UMNG","2022-07-04","","4.3325"
"CAJICA - UMNG","2022-07-03","","4.14666667"
"CAJICA - UMNG","2022-07-02","","5.0775"
"CAJICA - UMNG","2022-07-01","","6.82291667"
"CAJICA - UMNG","2022-06-30","","11.48208333"
"CAJICA - UMNG","2022-06-29","","9.13208333"
"CAJICA - UMNG","2022-06-28","","8.53652174"
"CAJICA - UMNG","2022-06-27","","8.135"
"CAJICA - UMNG","2022-06-26","","4.06958333"
"CAJICA - UMNG","2022-06-25","","6.16708333"
"CAJICA - UMNG","2022-06-24","","5.47208333"
"CAJICA - UMNG","2022-06-23","","4.85166667"
"CAJICA - UMNG","2022-06-22","","5.61708333"
"CAJICA - UMNG","2022-06-21","","4.38434783"
"CAJICA - UMNG","2022-06-20","","5.36"
"CAJICA - UMNG","2022-06-19","","5.89625"
"CAJICA - UMNG","2022-06-18","","8.50916667"
"CAJICA - UMNG","2022-06-17","","9.92458333"
"CAJICA - UMNG","2022-06-16","","7.05708333"
"CAJICA - UMNG","2022-06-15","","7.4075"
"CAJICA - UMNG","2022-06-14","","9.48782609"
"CAJICA - UMNG","2022-06-13","","7.76458333"
"CAJICA - UMNG","2022-06-12","","8.53666667"
"CAJICA - UMNG","2022-06-11","","9.12791667"
"CAJICA - UMNG","2022-06-10","","6.945"
"CAJICA - UMNG","2022-06-09","","13.17"
"CAJICA - UMNG","2022-06-08","","15.1425"
"CAJICA - UMNG","2022-06-07","","9.81391304"
"CAJICA - UMNG","2022-06-06","","10.81958333"
"CAJICA - UMNG","2022-06-05","","9.16083333"
"CAJICA - UMNG","2022-06-04","","11.74833333"
"CAJICA - UMNG","2022-06-03","","15.94791667"
"CAJICA - UMNG","2022-06-02","","17.11916667"
"CAJICA - UMNG","2022-06-01","","8.75791667"
"CAJICA - UMNG","2022-05-31","","14.65478261"
"CAJICA - UMNG","2022-05-30","","7.82666667"
"CAJICA - UMNG","2022-05-29","","7.82166667"
"CAJICA - UMNG","2022-05-28","","7.10041667"
"CAJICA - UMNG","2022-05-27","","7.18208333"
"CAJICA - UMNG","2022-05-26","","6.6075"
"CAJICA - UMNG","2022-05-25","","7.03541667"
"CAJICA - UMNG","2022-05-24","","11.97958333"
"CAJICA - UMNG","2022-05-23","","16.68347826"
"CAJICA - UMNG","2022-05-22","","16.27583333"
"CAJICA - UMNG","2022-05-21","","11.65125"
"CAJICA - UMNG","2022-05-20","","5.095"
"CAJICA - UMNG","2022-05-19","","5.30583333"
"CAJICA - UMNG","2022-05-18","","10.97833333"
"CAJICA - UMNG","2022-05-17","","6.22347826"
"CAJICA - UMNG","2022-05-16","","7.11541667"
"CAJICA - UMNG","2022-05-15","","6.56625"
"CAJICA - UMNG","2022-05-14","","6.01625"
"CAJICA - UMNG","2022-05-13","","6.24"
"CAJICA - UMNG","2022-05-12","","8.4325"
"CAJICA - UMNG","2022-05-11","","10.50869565"
"CAJICA - UMNG","2022-05-10","","8.54958333"
"CAJICA - UMNG","2022-05-09","","9.7275"
"CAJICA - UMNG","2022-05-08","","12.88291667"
"CAJICA - UMNG","2022-05-07","","14.42208333"
"CAJICA - UMNG","2022-05-06","","12.07583333"
"CAJICA - UMNG","2022-05-05","","16.30375"
"CAJICA - UMNG","2022-05-04","","15.67166667"
"CAJICA - UMNG","2022-05-03","","13.06521739"
"CAJICA - UMNG","2022-05-02","","7.14"
"CAJICA - UMNG","2022-05-01","","4.66958333"
"CAJICA - UMNG","2022-04-30","","6.26333333"
"CAJICA - UMNG","2022-04-29","","8.24916667"
"CAJICA - UMNG","2022-04-28","","12.21916667"
"CAJICA - UMNG","2022-04-27","","13.09541667"
"CAJICA - UMNG","2022-04-26","","15.11083333"
"CAJICA - UMNG","2022-04-25","","14.43782609"
"CAJICA - UMNG","2022-04-24","","17.82708333"
"CAJICA - UMNG","2022-04-23","","14.53541667"
"CAJICA - UMNG","2022-04-22","","8.98416667"
"CAJICA - UMNG","2022-04-21","","14.305"
"CAJICA - UMNG","2022-04-20","","8.56208333"
"CAJICA - UMNG","2022-04-19","","11.30333333"
"CAJICA - UMNG","2022-04-18","","7.35173913"
"CAJICA - UMNG","2022-04-17","","8.04666667"
"CAJICA - UMNG","2022-04-16","","17.71416667"
"CAJICA - UMNG","2022-04-15","","31.96125"
"CAJICA - UMNG","2022-04-14","","35.73291667"
"CAJICA - UMNG","2022-04-13","","37.83375"
"CAJICA - UMNG","2022-04-12","","23.14"
"CAJICA - UMNG","2022-04-11","","26.03291667"
"CAJICA - UMNG","2022-04-10","","27.45541667"
"CAJICA - UMNG","2022-04-09","","19.82958333"
"CAJICA - UMNG","2022-04-08","","7.73833333"
"CAJICA - UMNG","2022-04-07","","7.85875"
"CAJICA - UMNG","2022-04-06","","5.92833333"
"CAJICA - UMNG","2022-04-05","","12.80125"
"CAJICA - UMNG","2022-04-04","","19.9973913"
"CAJICA - UMNG","2022-04-03","","31.11791667"
"CAJICA - UMNG","2022-04-02","","31.73458333"
"CAJICA - UMNG","2022-04-01","","29.5675"
"CAJICA - UMNG","2022-03-31","","23.57125"
"CAJICA - UMNG","2022-03-30","","19.69875"
"CAJICA - UMNG","2022-03-29","","18.38291667"
"CAJICA - UMNG","2022-03-28","","17.32956522"
"CAJICA - UMNG","2022-03-27","","17.2625"
"CAJICA - UMNG","2022-03-26","","36.5525"
"CAJICA - UMNG","2022-03-25","","36.07833333"
"CAJICA - UMNG","2022-03-24","","26.61083333"
"CAJICA - UMNG","2022-03-23","","20.92375"
"CAJICA - UMNG","2022-03-22","","24.75"
"CAJICA - UMNG","2022-03-21","","20.02083333"
"CAJICA - UMNG","2022-03-20","","29.66333333"
"CAJICA - UMNG","2022-03-19","","23.135"
"CAJICA - UMNG","2022-03-18","","20.06125"
"CAJICA - UMNG","2022-03-17","","34.19625"
"CAJICA - UMNG","2022-03-16","","25.36166667"
"CAJICA - UMNG","2022-03-15","","16.5125"
"CAJICA - UMNG","2022-03-14","","20.1575"
"CAJICA - UMNG","2022-03-13","","18.56125"
"CAJICA - UMNG","2022-03-12","","18.81916667"
"CAJICA - UMNG","2022-03-11","","26.79375"
"CAJICA - UMNG","2022-03-10","","29.01791667"
"CAJICA - UMNG","2022-03-09","","20.98583333"
"CAJICA - UMNG","2022-03-08","","16.28083333"
"CAJICA - UMNG","2022-03-07","","7.97958333"
"CAJICA - UMNG","2022-03-06","","14.725"
"CAJICA - UMNG","2022-03-05","","15.96833333"
"CAJICA - UMNG","2022-03-04","","17.38916667"
"CAJICA - UMNG","2022-03-03","","16.65791667"
"CAJICA - UMNG","2022-03-02","","12.67416667"
"CAJICA - UMNG","2022-03-01","","5.97608696"
"CAJICA - UMNG","2022-02-28","","6.35125"
"CAJICA - UMNG","2022-02-27","","17.96916667"
"CAJICA - UMNG","2022-02-26","","19.10833333"
"CAJICA - UMNG","2022-02-25","","14.72166667"
"CAJICA - UMNG","2022-02-24","","27.52208333"
"CAJICA - UMNG","2022-02-23","","32.02541667"
"CAJICA - UMNG","2022-02-22","","21.64347826"
"CAJICA - UMNG","2022-02-21","","14.79583333"
"CAJICA - UMNG","2022-02-20","","17.09291667"
"CAJICA - UMNG","2022-02-19","","14.60291667"
"CAJICA - UMNG","2022-02-18","","16.83041667"
"CAJICA - UMNG","2022-02-17","","17.95875"
"CAJICA - UMNG","2022-02-16","","19.46291667"
"CAJICA - UMNG","2022-02-15","","17.40826087"
"CAJICA - UMNG","2022-02-14","","16.01291667"
"CAJICA - UMNG","2022-02-13","","14.27791667"
"CAJICA - UMNG","2022-02-12","","12.43916667"
"CAJICA - UMNG","2022-02-11","","12.85791667"
"CAJICA - UMNG","2022-02-10","","12.00666667"
"CAJICA - UMNG","2022-02-09","","12.20086957"
"CAJICA - UMNG","2022-02-08","","13.9925"
"CAJICA - UMNG","2022-02-07","","14.62916667"
"CAJICA - UMNG","2022-02-06","","9.99375"
"CAJICA - UMNG","2022-02-05","","22.8275"
"CAJICA - UMNG","2022-02-04","","25.00875"
"CAJICA - UMNG","2022-02-03","","29.75291667"
"CAJICA - UMNG","2022-02-02","","24.81583333"
"CAJICA - UMNG","2022-02-01","","24.91782609"
"CAJICA - UMNG","2022-01-31","","18.19041667"
"CAJICA - UMNG","2022-01-30","","17.92541667"
"CAJICA - UMNG","2022-01-29","","19.22916667"
"CAJICA - UMNG","2022-01-28","","24.43666667"
"CAJICA - UMNG","2022-01-27","","24.72041667"
"CAJICA - UMNG","2022-01-26","","24.24916667"
"CAJICA - UMNG","2022-01-25","","19.76375"
"CAJICA - UMNG","2022-01-24","","17.25869565"
"CAJICA - UMNG","2022-01-23","","18.22708333"
"CAJICA - UMNG","2022-01-22","","25.22375"
"CAJICA - UMNG","2022-01-21","","16.72708333"
"CAJICA - UMNG","2022-01-20","","15.98333333"
"CAJICA - UMNG","2022-01-19","","10.715"
"CAJICA - UMNG","2022-01-18","","14.08083333"
"CAJICA - UMNG","2022-01-17","","22.26083333"
"CAJICA - UMNG","2022-01-16","","24.34541667"
"CAJICA - UMNG","2022-01-15","","14.76333333"
"CAJICA - UMNG","2022-01-14","","16.31791667"
"CAJICA - UMNG","2022-01-13","","13.64583333"
"CAJICA - UMNG","2022-01-12","","19.76708333"
"CAJICA - UMNG","2022-01-11","","13.71416667"
"CAJICA - UMNG","2022-01-10","","23.50708333"
"CAJICA - UMNG","2022-01-09","","22.8075"
"CAJICA - UMNG","2022-01-08","","25.08458333"
"CAJICA - UMNG","2022-01-07","","14.21916667"
"CAJICA - UMNG","2022-01-06","","18.34625"
"CAJICA - UMNG","2022-01-05","","22.35791667"
"CAJICA - UMNG","2022-01-04","","14.33769231"
"CAJICA - UMNG","2021-12-25","","12.45"
"CAJICA - UMNG","2021-12-24","","15.33375"
"CAJICA - UMNG","2021-12-23","","19.8825"
"CAJICA - UMNG","2021-12-22","","15.55875"
"CAJICA - UMNG","2021-12-21","","22.10666667"
"CAJICA - UMNG","2021-12-20","","14.78875"
"CAJICA - UMNG","2021-12-19","","12.18833333"
"CAJICA - UMNG","2021-12-18","","6.59166667"
"CAJICA - UMNG","2021-12-17","","10.18708333"
"CAJICA - UMNG","2021-12-16","","11.1925"
"CAJICA - UMNG","2021-12-15","","11.07869565"
"CAJICA - UMNG","2021-12-14","","8.99541667"
"CAJICA - UMNG","2021-12-13","","8.76041667"
"CAJICA - UMNG","2021-12-12","","8.90291667"
"CAJICA - UMNG","2021-12-11","","9.44541667"
"CAJICA - UMNG","2021-12-10","","10.81041667"
"CAJICA - UMNG","2021-12-09","","16.38333333"
"CAJICA - UMNG","2021-12-08","","25.4225"
"CAJICA - UMNG","2021-12-07","","10.52347826"
"CAJICA - UMNG","2021-12-06","","9.94"
"CAJICA - UMNG","2021-12-05","","10.60125"
"CAJICA - UMNG","2021-12-04","","14.0825"
"CAJICA - UMNG","2021-12-03","","8.74708333"
"CAJICA - UMNG","2021-12-02","","13.73375"
"CAJICA - UMNG","2021-12-01","","15.15625"
"CAJICA - UMNG","2021-11-30","","7.6426087"
"CAJICA - UMNG","2021-11-29","","8.79833333"
"CAJICA - UMNG","2021-11-28","","8.32916667"
"CAJICA - UMNG","2021-11-27","","14.18708333"
"CAJICA - UMNG","2021-11-26","","8.85583333"
"CAJICA - UMNG","2021-11-25","","7.98666667"
"CAJICA - UMNG","2021-11-24","","9.64625"
"CAJICA - UMNG","2021-11-23","","12.09"
"CAJICA - UMNG","2021-11-22","","13.4675"
"CAJICA - UMNG","2021-11-21","","11.74666667"
"CAJICA - UMNG","2021-11-20","","12.1825"
"CAJICA - UMNG","2021-11-19","","16.02916667"
"CAJICA - UMNG","2021-11-18","","14.6175"
"CAJICA - UMNG","2021-11-17","","15.80666667"
"CAJICA - UMNG","2021-11-16","","14.91826087"
"CAJICA - UMNG","2021-11-15","","12.36208333"
"CAJICA - UMNG","2021-11-14","","15.02916667"
"CAJICA - UMNG","2021-11-13","","13.17333333"
"CAJICA - UMNG","2021-11-12","","12.44916667"
"CAJICA - UMNG","2021-11-11","","14.43208333"
"CAJICA - UMNG","2021-11-10","","17.655"
"CAJICA - UMNG","2021-11-09","","10.88125"
"CAJICA - UMNG","2021-11-08","","10.3273913"
"CAJICA - UMNG","2021-11-07","","10.51875"
"CAJICA - UMNG","2021-11-06","","11.7175"
"CAJICA - UMNG","2021-11-05","","12.55958333"
"CAJICA - UMNG","2021-11-04","","16.57208333"
"CAJICA - UMNG","2021-11-03","","10.89086957"
"CAJICA - UMNG","2021-11-02","","16.4525"
"CAJICA - UMNG","2021-11-01","","11.70625"
"CAJICA - UMNG","2021-10-31","","7.85833333"
"CAJICA - UMNG","2021-10-30","","8.33333333"
"CAJICA - UMNG","2021-10-29","","10.7325"
"CAJICA - UMNG","2021-10-28","","9.79125"
"CAJICA - UMNG","2021-10-27","","7.55625"
"CAJICA - UMNG","2021-10-26","","4.54304348"
"CAJICA - UMNG","2021-10-25","","7.1525"
"CAJICA - UMNG","2021-10-24","","9.15541667"
"CAJICA - UMNG","2021-10-23","","9.51083333"
"CAJICA - UMNG","2021-10-22","","11.20916667"
"CAJICA - UMNG","2021-10-21","","8.24083333"
"CAJICA - UMNG","2021-10-20","","10.93833333"
"CAJICA - UMNG","2021-10-19","","12.49304348"
"CAJICA - UMNG","2021-10-18","","10.98666667"
"CAJICA - UMNG","2021-10-17","","10.91958333"
"CAJICA - UMNG","2021-10-16","","11.29958333"
"CAJICA - UMNG","2021-10-15","","10.09791667"
"CAJICA - UMNG","2021-10-14","","9.13541667"
"CAJICA - UMNG","2021-10-13","","9.30125"
"CAJICA - UMNG","2021-10-12","","10.4726087"
"CAJICA - UMNG","2021-10-11","","9.31875"
"CAJICA - UMNG","2021-10-10","","8.57416667"
"CAJICA - UMNG","2021-10-09","","5.96375"
"CAJICA - UMNG","2021-10-08","","6.73791667"
"CAJICA - UMNG","2021-10-07","","6.7475"
"CAJICA - UMNG","2021-10-06","","4.49391304"
"CAJICA - UMNG","2021-10-05","","4.15458333"
"CAJICA - UMNG","2021-10-04","","8.56958333"
"CAJICA - UMNG","2021-10-03","","11.6875"
"CAJICA - UMNG","2021-10-02","","12.2825"
"CAJICA - UMNG","2021-10-01","","4.31208333"
"CAJICA - UMNG","2021-09-30","","7.77166667"
"CAJICA - UMNG","2021-09-29","","8.56521739"
"CAJICA - UMNG","2021-09-28","","10.41958333"
"CAJICA - UMNG","2021-09-27","","10.36416667"
"CAJICA - UMNG","2021-09-26","","7.915"
"CAJICA - UMNG","2021-09-25","","4.62291667"
"CAJICA - UMNG","2021-09-24","","11.81791667"
"CAJICA - UMNG","2021-09-23","","7.01416667"
"CAJICA - UMNG","2021-09-22","","8.16166667"
"CAJICA - UMNG","2021-09-21","","6.10956522"
"CAJICA - UMNG","2021-09-20","","7.20083333"
"CAJICA - UMNG","2021-09-19","","13.07458333"
"CAJICA - UMNG","2021-09-18","","9.91708333"
"CAJICA - UMNG","2021-09-17","","7.2075"
"CAJICA - UMNG","2021-09-16","","9.02958333"
"CAJICA - UMNG","2021-09-15","","7.95583333"
"CAJICA - UMNG","2021-09-14","","6.7825"
"CAJICA - UMNG","2021-09-13","","7.25956522"
"CAJICA - UMNG","2021-09-12","","5.94416667"
"CAJICA - UMNG","2021-09-11","","6.535"
"CAJICA - UMNG","2021-09-10","","8.49416667"
"CAJICA - UMNG","2021-09-09","","8.45416667"
"CAJICA - UMNG","2021-09-08","","4.92916667"
"CAJICA - UMNG","2021-09-07","","7.57333333"
"CAJICA - UMNG","2021-09-06","","5.97833333"
"CAJICA - UMNG","2021-09-05","","7.91083333"
"CAJICA - UMNG","2021-09-04","","7.86041667"
"CAJICA - UMNG","2021-09-03","","9.61"
"CAJICA - UMNG","2021-09-02","","6.78333333"
"CAJICA - UMNG","2021-09-01","","6.55833333"
"CAJICA - UMNG","2021-08-31","","9.11875"
"CAJICA - UMNG","2021-08-30","","5.39208333"
"CAJICA - UMNG","2021-08-29","","10.4725"
"CAJICA - UMNG","2021-08-28","","8.29833333"
"CAJICA - UMNG","2021-08-27","","6.152"
